Symbol,Name,Last,Change,%Chg,High,Low,Volume,Time
A,Agilent Technologies,138.95,-0.63,-0.45%,139.59,136.7,735381,14:35 ET
AAPL,Apple Inc,242.18,2.59,1.08%,242.065,238.9,20416912,14:35 ET
ABBV,Abbvie Inc,182.27,0.5,0.28%,183.51,181.6,1959010,14:35 ET
ABT,Abbott Laboratories,116.2,-0.61,-0.52%,117.44,116.07,1940861,14:35 ET
ACGL,Arch Capital Grp Ltd,99.94,0.64,0.64%,100.48,98.69,601291,14:33 ET
ACN,Accenture Plc,349.89,-11.49,-3.18%,354.335,346.62,1563559,14:35 ET
ADBE,Adobe Systems Inc,515.79,-0.41,-0.08%,515.72,504.505,1252440,14:35 ET
ADM,Archer Daniels Midland,53.81,-0.46,-0.85%,54.5499,52.75,3018437,14:34 ET
ADP,Automatic Data Procs,303.96,-2.07,-0.68%,307.73,302.12,530041,14:32 ET
ADSK,Autodesk Inc,299.33,2.68,0.90%,299.79,293.5,839906,14:32 ET
AFL,Aflac Inc,107.34,-4.06,-3.64%,112.24,106.75,1597769,14:35 ET
AIG,American International Group,75.63,-0.38,-0.50%,76.4,75.34,1540185,14:34 ET
AIZ,Assurant Inc,228.42,2.69,1.19%,227.905,224.29,156024,14:32 ET
AJG,Arthur J. Gallagher & Company,309.6,1.64,0.53%,309.59,302.89,463152,14:30 ET
AKAM,Akamai Technologies,97.21,-0.72,-0.74%,98.18,96.79,900017,14:35 ET
ALB,Albemarle Corp,109.56,-1.74,-1.56%,111,108.54,712644,14:35 ET
ALL,Allstate Corp,204.52,0.13,0.06%,205.51,202.585,433092,14:34 ET
ALLE,Allegion Plc,140.93,0.53,0.38%,141.53,139.9301,287812,14:35 ET
AMAT,Applied Materials,182.27,-0.99,-0.54%,183.26,180.8,2381586,14:35 ET
AMCR,Amcor Plc,10.59,0.02,0.19%,10.62,10.52,5510888,14:34 ET
AMD,Adv Micro Devices,141.94,-0.12,-0.08%,143.4495,141.0801,16458610,14:35 ET
AME,Ametek Inc,194.2,-1.36,-0.70%,195.9,193.32,857422,14:34 ET
AMGN,Amgen Inc,278.85,0.75,0.27%,281.3799,276.5,2281754,14:35 ET
AMP,Ameriprise Financial Services,566.43,1.06,0.19%,568.61,564.22,223339,14:30 ET
AMT,American Tower Corp,208.18,0.85,0.41%,209.37,207.475,1068875,14:33 ET
AON,AON Plc,386.62,-1.09,-0.28%,389.93,383.48,808581,14:33 ET
APD,Air Products and Chemicals,329.4,-6.22,-1.85%,337,329.49,394881,14:34 ET
APTV,Aptiv Plc,55.92,-0.15,-0.27%,55.85,54.03,2389837,14:35 ET
ARE,Alexandria Real Estate Equities,108.4,-1.3,-1.19%,109.65,108.34,455415,14:34 ET
AVB,Avalonbay Communities,229.55,-1.25,-0.54%,231.17,228.415,153370,14:34 ET
AVY,Avery Dennison Corp,205.83,-0.31,-0.15%,206.06,204.18,363906,14:34 ET
AWK,American Water Works,135.62,0.02,0.01%,136.81,135.355,434956,14:34 ET
AXON,Axon Enterprise Inc,671.86,35.47,5.57%,668.8,638,724195,14:35 ET
AXP,American Express Company,303.5,1.24,0.41%,304.99,301.14,975128,14:35 ET
BAC,Bank of America Corp,46.9,-0.14,-0.30%,47.4778,46.65,18195160,14:34 ET
BALL,Ball Corporation,62.6,-0.23,-0.37%,62.89,62.0035,640237,14:32 ET
BAX,Baxter International Inc,33.22,-0.33,-0.98%,33.58,33.1,1386207,14:35 ET
BBY,Best Buy Company,88.87,-2.06,-2.27%,90.94,88.8,1828544,14:35 ET
BDX,Becton Dickinson and Company,221.74,-1.08,-0.48%,222.82,221,1370456,14:31 ET
BEN,Franklin Resources,22.4,-0.19,-0.84%,22.75,22.18,1125794,14:34 ET
BIIB,Biogen Inc,162.15,-2.08,-1.27%,163.77,161.68,598014,14:35 ET
BK,Bank of New York Mellon Corp,81.32,0.21,0.26%,82.08,80.93,1405727,14:34 ET
BKR,Baker Hughes Company,43.87,0.18,0.41%,44.23,43.255,1644649,14:34 ET
BLK,Blackrock Inc,1043.06,22.95,2.25%,1044.605,1021,526059,14:35 ET
BMY,Bristol-Myers Squibb Company,58.9,-1.04,-1.74%,60.0886,58.88,3892510,14:34 ET
BR,Broadridge Financial Solutions Llc,232.21,-2.04,-0.87%,234.6,229.935,174811,14:32 ET
BSX,Boston Scientific Corp,90.61,0.18,0.20%,90.56,89.62,1302385,14:34 ET
BWA,Borgwarner Inc,34.07,-0.25,-0.73%,34.3,33.96,687072,14:35 ET
BXP,Bxp Inc,80.37,-0.51,-0.63%,81.12,79.69,297789,14:31 ET
C,Citigroup Inc,71.44,0.05,0.07%,72.8,71.41,9944453,14:35 ET
CAG,Conagra Brands Inc,27.84,0.02,0.07%,28.06,27.69,1805833,14:35 ET
CAH,Cardinal Health,123.38,0.91,0.74%,123.54,122.15,543149,14:35 ET
CARR,Carrier Global Corp,75.8,-0.49,-0.64%,76.79,75.46,914619,14:34 ET
CAT,Caterpillar Inc,399.2,-3.31,-0.82%,405.53,396.595,814949,14:32 ET
CB,Chubb Ltd,288.15,-1.76,-0.61%,292.5,285.6982,414221,14:34 ET
CBOE,CBOE Global Markets Inc,213.91,2,0.94%,214.27,209.63,445179,14:34 ET
CBRE,CBRE Group Inc,137.93,-0.46,-0.33%,138.59,136.88,564998,14:33 ET
CCL,Carnival Corp,26.23,0.24,0.92%,26.57,25.93,11934316,14:32 ET
CF,Cf Industries Holdings,94.07,3.11,3.42%,94.18,91.24,1242158,14:32 ET
CFG,Citizens Financial Group Inc/Ri,46.89,-0.19,-0.40%,47.33,46.485,1788677,14:34 ET
CHRW,C.H. Robinson Ww,107.88,1.7,1.60%,107.89,105.485,506668,14:33 ET
CI,The Cigna Group,338.5,1.44,0.43%,339.305,334.13,548076,14:33 ET
CL,Colgate-Palmolive Company,94.85,-2.26,-2.33%,97.18,93.71,3008326,14:35 ET
CMCSA,Comcast Corp A,43,-0.29,-0.67%,43.45,42.865,6403788,14:34 ET
CME,CME Group Inc,240.59,4.98,2.11%,241,236.235,1955727,14:34 ET
CMG,Chipotle Mexican Grill,60.56,0.02,0.03%,60.97,60.41,2351675,14:35 ET
CMI,Cummins Inc,375.21,-2.09,-0.55%,379.55,371.68,207269,14:33 ET
CNC,Centene Corp,59.74,-0.32,-0.53%,60.4,58.88,2789647,14:34 ET
COF,Capital One Financial Corp,186.9,-0.62,-0.33%,189.47,186.58,1207746,14:34 ET
COR,Cencora Inc,250.93,1.06,0.42%,252.4,249.83,376515,14:32 ET
COST,Costco Wholesale,979.08,4.08,0.42%,981.45,970.76,792970,14:35 ET
CPAY,Corpay Inc,374.3,-8.69,-2.27%,381.9,372.78,255023,14:33 ET
CPB,The Campbell's Company,45.74,-0.49,-1.06%,46.18,45.47,1883268,14:34 ET
CRL,Charles River Laboratories Intl,199.44,-1.81,-0.90%,201.12,196.6139,210578,14:34 ET
CRM,Salesforce Inc,330.24,-0.77,-0.23%,331,323.65,5096417,14:34 ET
CSCO,Cisco Systems Inc,59.46,0.03,0.05%,59.49,59.165,4406195,14:35 ET
CSGP,Costar Group Inc,80.42,0.35,0.44%,80.415,79.0866,739065,14:34 ET
CSX,CSX Corp,36.01,-0.33,-0.91%,36.5,35.79,4415332,14:35 ET
CTAS,Cintas Corp,223.05,0.41,0.18%,225.26,220.3028,685063,14:35 ET
CTVA,Corteva Inc,62.12,-0.11,-0.18%,62.49,61.61,920022,14:34 ET
CVS,CVS Corp,59.58,0.5,0.85%,60.05,59.03,3759721,14:35 ET
CVX,Chevron Corp,162.55,0.34,0.21%,163.197,161.39,2584747,14:34 ET
CZR,Caesars Entertainment Inc,37.98,-1.03,-2.64%,39,36.52,3739570,14:35 ET
DAL,Delta Air Lines Inc,62.66,-0.75,-1.18%,63.53,62.07,2904870,14:35 ET
DAY,Dayforce Inc,80.68,-0.71,-0.87%,81.6099,79.68,407863,14:32 ET
DE,Deere & Company,461.24,-1.71,-0.37%,465.54,459.6,595049,14:34 ET
DECK,Deckers Outdoor Corp,202.95,1.05,0.52%,205.35,202.0801,1075776,14:33 ET
DFS,Discover Financial Services,178.1,-2.01,-1.12%,180.565,177.22,455040,14:32 ET
DGX,Quest Diagnostics Inc,162.12,0.61,0.38%,162.495,161.1,290590,14:34 ET
DHI,D.R. Horton,166.66,-0.74,-0.44%,169.37,166.09,567885,14:35 ET
DHR,Danaher Corp,241.02,-0.27,-0.11%,241.67,238.87,1490405,14:35 ET
DIS,Walt Disney Company,116.41,-0.75,-0.64%,117.23,115.45,4713724,14:34 ET
DLR,Digital Realty Trust,191.17,-0.99,-0.52%,192.88,190.71,492087,14:34 ET
DOC,Healthpeak Properties Inc,21.55,-0.1,-0.46%,21.64,21.385,1411834,14:33 ET
DOV,Dover Corp,203.23,-1.47,-0.72%,204.24,202.05,260991,14:35 ET
DOW,Dow Inc,43.94,-0.44,-0.99%,44.49,43.79,5288414,14:35 ET
DVA,Davita Healthcare Partners Inc,164.29,0.55,0.34%,165.25,163.35,205721,14:31 ET
DVN,Devon Energy Corp,37.67,0.06,0.16%,37.99,37.26,4082240,14:34 ET
EA,Electronic Arts Inc,167.26,1.3,0.78%,167.66,164.88,828777,14:34 ET
EBAY,Ebay Inc,63.19,0.02,0.03%,63.505,62.57,1296185,14:34 ET
ECL,Ecolab Inc,247.23,-1.22,-0.49%,249.2399,245.8,310233,14:32 ET
ED,Consolidated Edison Company,98.37,-0.13,-0.13%,99.38,98.03,489233,14:34 ET
EG,Everest Re Group,387.8,4.07,1.06%,388.325,381.5,383885,14:34 ET
EIX,Edison International,85.61,-0.17,-0.20%,86.48,85.245,448770,14:32 ET
EL,Estee Lauder Companies,77.12,1.14,1.50%,77.42,74.8,3889901,14:34 ET
ELV,Elevance Health Inc,411.09,0.7,0.17%,412.3416,406.78,659454,14:35 ET
EMR,Emerson Electric Company,133.12,-0.65,-0.49%,133.795,131.04,1570031,14:34 ET
EQIX,Equinix Inc,964.85,0.01,0.00%,967.6,958.99,171546,14:34 ET
EQR,Equity Residential,74.47,-0.77,-1.02%,75.47,74.12,552800,14:34 ET
EQT,Eqt Corp,44.75,0.22,0.49%,45.1,44.35,2500890,14:33 ET
ES,Eversource Energy,61.92,-1.75,-2.75%,63.55,61.5354,1080591,14:35 ET
ETN,Eaton Corp,372.77,0.55,0.15%,375.44,368.6201,655475,14:32 ET
ETR,Entergy Corp,152.98,-0.27,-0.18%,154.98,152.59,532234,14:35 ET
EW,Edwards Lifesciences Corp,70.17,-0.36,-0.51%,70.57,69.6,1803960,14:35 ET
EXC,Exelon Corp,38.37,-0.02,-0.05%,38.73,38.3,2565954,14:35 ET
EXPE,Expedia Group Inc,184.81,-0.2,-0.11%,186.67,183.91,280487,14:32 ET
EXR,Extra Space Storage Inc,165.9,-3.83,-2.26%,170.51,165.05,271783,14:31 ET
FANG,Diamondback Energy,176.13,0.3,0.17%,178.27,174.33,910828,14:33 ET
FCX,Freeport-Mcmoran Inc,43.85,0.21,0.48%,44.83,43.545,6198353,14:35 ET
FDS,Factset Research Systems Inc,489.09,-0.38,-0.08%,489.39,485.7,64163,14:28 ET
FI,Fiserv Inc,215.99,-2.52,-1.15%,220.13,215.995,1665257,14:34 ET
FIS,Fidelity National Information Services,85.37,0.24,0.28%,85.57,84.795,1465792,14:34 ET
FITB,Fifth Third Bancorp,47.31,-0.26,-0.55%,47.76,46.885,1175857,14:34 ET
FMC,FMC Corp,59.51,0.13,0.22%,60.49,58.75,434089,14:32 ET
FRT,Federal Realty Investment Trust,113.73,-0.52,-0.46%,114.71,113.43,195843,14:31 ET
FTV,Fortive Corp,78.74,-0.22,-0.28%,78.96,77.74,617587,14:34 ET
GE,GE Aerospace,180.34,-0.1,-0.06%,182.235,179.907,1264095,14:34 ET
GILD,Gilead Sciences Inc,93.7,-0.32,-0.34%,94.39,93.67,2399009,14:35 ET
GIS,General Mills,66.55,-0.46,-0.69%,67.14,66.32,2072805,14:35 ET
GL,Globe Life Inc,109.71,-0.33,-0.30%,110.725,108.51,308903,14:35 ET
GM,General Motors Company,54.16,-0.88,-1.60%,55.2116,53.755,6283023,14:35 ET
GOOG,Alphabet Cl C,172.88,-0.1,-0.06%,174.32,172.51,7951311,14:35 ET
GOOGL,Alphabet Cl A,171.29,-0.2,-0.12%,172.68,170.8803,9663114,14:35 ET
GPC,Genuine Parts Company,127.78,0.25,0.20%,127.92,126.105,393477,14:34 ET
GPN,Global Payments Inc,118.2,0.07,0.06%,118.61,117.49,585904,14:33 ET
GS,Goldman Sachs Group,603.89,2.18,0.36%,611.42,601.475,690794,14:34 ET
GWW,W.W. Grainger,1191.76,-2.23,-0.19%,1201.6801,1184.22,72299,14:35 ET
HAL,Halliburton Company,31.96,0.4,1.27%,31.99,31.305,3145699,14:34 ET
HAS,Hasbro Inc,65.02,0.29,0.45%,65.2828,64.4296,418271,14:34 ET
HBAN,Huntington Bancshares Inc,17.67,-0.11,-0.62%,17.82,17.49,5709600,14:35 ET
HD,Home Depot,428.48,1.52,0.36%,430.68,423.32,1033960,14:34 ET
HES,Hess Corp,148.21,1.25,0.85%,148.4,146.53,398227,14:34 ET
HIG,Hartford Financial Services Group,121.12,-0.1,-0.08%,122.395,120.38,526923,14:33 ET
HLT,Hilton Inc,251.22,0.75,0.30%,251.87,249.58,460413,14:33 ET
HOLX,Hologic Inc,77.95,-1.05,-1.33%,78.98,77.48,876998,14:34 ET
HPE,Hewlett Packard Enterprise Comp,21.2,-0.05,-0.24%,21.22,20.96,3968367,14:33 ET
HPQ,HP Inc,36.83,0.38,1.04%,36.92,35.89,3395527,14:33 ET
HRL,Hormel Foods Corp,31.98,-0.16,-0.50%,32.18,31.69,1165455,14:34 ET
HST,Host Marriott Financial Trust,18.6,0.21,1.14%,19.08,18.57,5172354,14:34 ET
HSY,Hershey Foods Corp,180.36,2.54,1.43%,181.82,176.22,1658311,14:35 ET
HUBB,Hubbell Inc B,457.65,0.42,0.09%,459.59,454.49,100911,14:32 ET
HUM,Humana Inc,291.91,-1.22,-0.42%,294.91,286.8241,568826,14:31 ET
ICE,Intercontinental Exchange,157.35,-0.94,-0.59%,158.65,156.67,1268054,14:34 ET
IDXX,Idexx Laboratories,433.46,2.69,0.62%,436.02,423.435,350319,14:34 ET
IEX,Idex Corp,230.05,-1.76,-0.76%,231.93,228.71,180775,14:31 ET
IFF,International Flavors & Fragrances,89.97,-1.3,-1.42%,91.145,89.56,576360,14:34 ET
INCY,Incyte Corp,72.07,-1.17,-1.60%,72.96,71.7207,796771,14:34 ET
INTC,Intel Corp,22.66,-1.27,-5.31%,23.75,22.445,94264839,14:34 ET
IPG,Interpublic Group of Companies,30.01,-0.11,-0.37%,30.22,29.79,2413766,14:34 ET
IR,Ingersoll Rand Inc,104.29,-0.83,-0.79%,105.65,103.77,308459,14:33 ET
IRM,Iron Mountain Inc,120.97,-0.62,-0.51%,122.88,120.44,1001473,14:34 ET
ITW,Illinois Tool Works Inc,275.7,-2.8,-1.01%,278.98,274.47,297047,14:35 ET
IVZ,Invesco Plc,17.97,-0.12,-0.66%,18.26,17.7601,1520168,14:35 ET
JBHT,J B Hunt Transport,184.94,-4.3,-2.27%,188,184.48,227657,14:35 ET
JCI,Johnson Controls Intl,82.7,-0.97,-1.16%,84.09,82.53,823180,14:34 ET
JKHY,Jack Henry & Assoc,175.22,-0.44,-0.25%,175.29,173.8422,264437,14:30 ET
JPM,JP Morgan Chase & Company,245.87,-0.38,-0.15%,249.04,245.25,3385654,14:35 ET
K,Kellanova,80.65,-0.05,-0.06%,80.745,80.535,551030,14:33 ET
KDP,Keurig Dr Pepper Inc,32.47,-0.07,-0.22%,32.56,32.05,2399851,14:35 ET
KEY,Keycorp,18.82,-0.09,-0.48%,18.955,18.61,5114180,14:33 ET
KHC,Kraft Heinz Company,31.5,-0.11,-0.35%,31.73,31.3,7425756,14:34 ET
KIM,Kimco Realty Corp,25.17,-0.05,-0.20%,25.39,25.02,664199,14:32 ET
KLAC,K L A-Tencor Corp,663.38,-2.65,-0.40%,667.18,656.82,707938,14:34 ET
KMI,Kinder Morgan,27.49,0.05,0.18%,27.55,27.2,7177549,14:35 ET
KMX,Carmax Inc,84.24,1.06,1.27%,84.6699,82.73,1087387,14:33 ET
KO,Coca-Cola Company,63.93,0.28,0.44%,64.08,63.025,10645289,14:35 ET
KR,Kroger Company,59.9,-0.25,-0.42%,60.61,59.35,2100828,14:34 ET
LIN,Linde Plc,457.7,-0.6,-0.13%,461.9,456.575,639812,14:34 ET
LKQ,LKQ Corp,39.65,0.37,0.94%,39.59,38.7,880682,14:33 ET
LLY,Eli Lilly and Company,814.8,15,1.88%,816.2,801.61,1588207,14:35 ET
LOW,Lowe's Companies,274.33,2.28,0.84%,274.7899,269.94,955760,14:34 ET
LRCX,Lam Research Corp,78.1,-0.41,-0.52%,78.7,77.04,5017898,14:35 ET
LULU,Lululemon Athletica,338.61,4.21,1.26%,338.93,329.74,1056974,14:34 ET
LVS,Las Vegas Sands,54.07,-0.93,-1.69%,54.88,53.47,1960849,14:35 ET
LW,Lamb Weston Holdings Inc,79.54,1.2,1.53%,79.65,77.79,484207,14:34 ET
LYB,Lyondellbasell Industries NV,81.02,-1.03,-1.26%,82.2569,80.77,1137304,14:34 ET
MA,Mastercard Inc,527.58,-3.78,-0.71%,534.82,526.195,1082085,14:35 ET
MAR,Marriot Int Cl A,285.16,-1.08,-0.38%,287.99,283.71,435200,14:33 ET
MAS,Masco Corp,80.99,0.49,0.61%,80.995,80.165,427186,14:34 ET
MCD,McDonald's Corp,293.45,1.01,0.35%,294,290.29,1639525,14:35 ET
MCO,Moody's Corp,495.27,-2.14,-0.43%,498.64,492.82,143480,14:28 ET
MDLZ,Mondelez Intl Inc,64.8,-0.43,-0.66%,65.27,64.69,2504007,14:34 ET
MDT,Medtronic Inc,85.59,-0.95,-1.10%,86.53,85.5,2194288,14:34 ET
MET,Metlife Inc,85.9,-0.98,-1.13%,87.36,85.36,1583099,14:34 ET
MGM,MGM Resorts International,37.34,-0.95,-2.48%,38.25,36.84,2372505,14:35 ET
MHK,Mohawk Industries,134.61,-1.72,-1.26%,137.215,133.79,359997,14:33 ET
MKC,Mccormick & Company,78.26,-0.11,-0.14%,78.55,77.54,571304,14:34 ET
MKTX,Marketaxess Holdings,264.01,0.54,0.20%,265.74,260.405,145477,14:33 ET
MMC,Marsh & Mclennan Companies,230.79,-2.25,-0.97%,233.04,228.955,1149935,14:34 ET
MOS,Mosaic Company,27.67,0.09,0.33%,27.89,27.07,2045166,14:34 ET
MPC,Marathon Petroleum Corp,156.15,-1.26,-0.80%,159.1,155.295,823759,14:33 ET
MRK,Merck & Company,102.36,1.75,1.74%,102.45,100.62,5259250,14:35 ET
MRNA,Moderna Inc,42.76,-1.5,-3.39%,44.25,42.36,3686077,14:34 ET
MS,Morgan Stanley,130.54,-0.49,-0.37%,133.19,130.288,2059665,14:35 ET
MSCI,MSCI Inc,611.55,2.58,0.42%,613.64,607.175,136974,14:23 ET
MSFT,Microsoft Corp,429.67,-1.31,-0.30%,432.47,428.6,8419902,14:35 ET
MTB,M&T Bank Corp,215.08,-0.61,-0.28%,216.95,213.74,300472,14:32 ET
MTD,Mettler-Toledo International,1256.98,-1.9,-0.15%,1255.6,1232.28,39733,14:34 ET
MU,Micron Technology,100.47,1.92,1.95%,103.68,100.08,17506803,14:35 ET
NCLH,Norwegian Cruise Ord,27.46,-0.89,-3.14%,28.46,27.39,7167674,14:34 ET
NDAQ,Nasdaq Inc,81.3,-0.35,-0.43%,81.68,80.77,1055162,14:34 ET
NEE,Nextera Energy,76.99,-0.08,-0.10%,77.57,76.33,5052576,14:35 ET
NEM,Newmont Mining Corp,41.61,0.7,1.71%,42.195,41.1,5164486,14:34 ET
NKE,Nike Inc,78.96,-0.13,-0.16%,79.4,77.6101,5304443,14:35 ET
NSC,Norfolk Southern Corp,270.19,-2.56,-0.94%,273.05,268.055,326244,14:32 ET
NTRS,Northern Trust Corp,110.03,0.14,0.13%,111.35,109.4,901459,14:32 ET
NVDA,Nvidia Corp,139.65,1.02,0.74%,140.54,137.95,106281357,14:35 ET
NWS,News Corp Cl B,32.69,0.45,1.40%,32.68,32.17,355093,14:34 ET
NWSA,News Corp Cl A,29.83,0.38,1.29%,29.82,29.38,1002406,14:35 ET
OKE,Oneok Inc,111.15,0.71,0.64%,111.55,110.02,1032110,14:35 ET
OMC,Omnicom Group Inc,103.94,-1.07,-1.02%,105.49,103.64,457472,14:35 ET
ON,On Semiconductor,70.25,-3.7,-5.00%,73.19,70.02,4921422,14:34 ET
OTIS,Otis Worldwide Corp,101.4,-0.4,-0.39%,102.12,100.5714,437427,14:35 ET
OXY,Occidental Petroleum Corp,50.51,0.09,0.18%,50.89,50.04,4028230,14:34 ET
PARA,Paramount Global Cl B,10.95,-0.03,-0.27%,10.98,10.79,2883695,14:33 ET
PAYX,Paychex Inc,144.89,-0.56,-0.39%,145.74,144,579272,14:34 ET
PCAR,Paccar Inc,117,0.76,0.65%,117.53,116.38,966239,14:34 ET
PEG,Public Service Enterprise Group Inc,92.25,-0.02,-0.02%,93.36,92.08,782733,14:35 ET
PEP,Pepsico Inc,162.18,-0.87,-0.53%,163.05,161.42,1878872,14:35 ET
PFG,Principal Financial Group Inc,85.17,-0.25,-0.29%,85.81,84.5843,442017,14:34 ET
PG,Procter & Gamble Company,176.44,-3.26,-1.81%,179.62,176.25,3577964,14:35 ET
PH,Parker-Hannifin Corp,699.04,-1.65,-0.24%,701.53,693.92,118054,14:32 ET
PHM,Pultegroup,134.38,-0.76,-0.56%,136.14,133.94,326988,14:34 ET
PLD,Prologis Inc,116.82,0.98,0.85%,117.1,115.59,1428072,14:35 ET
PNC,PNC Bank,209.59,-1.77,-0.84%,212.625,208.29,604002,14:34 ET
PNR,Pentair Ltd,109.24,0.32,0.29%,109.455,108.13,359024,14:34 ET
POOL,Pool Corp,376.33,0.36,0.10%,379.46,374.6356,126445,14:29 ET
PPG,PPG Industries,126.18,0.21,0.17%,126.75,124.75,944242,14:34 ET
PRU,Prudential Financial Inc,127.3,-1.11,-0.86%,128.72,126.31,505842,14:34 ET
PSA,Public Storage,337.68,-6.39,-1.86%,345.1,337.07,207889,14:34 ET
PSX,Phillips 66,135.58,-0.85,-0.62%,138,135.215,863971,14:35 ET
PWR,Quanta Services,339.73,-2.6,-0.76%,343.48,338.599,275771,14:35 ET
PYPL,Paypal Holdings,85.31,-1.22,-1.41%,86.4,84.615,4499346,14:34 ET
QCOM,Qualcomm Inc,161.93,-1.1,-0.67%,163.86,161.32,3583470,14:35 ET
RCL,Royal Caribbean Cruises Ltd,245.81,-0.6,-0.24%,248.88,243.6812,630628,14:35 ET
REG,Regency Centers Corp,74.84,0.21,0.28%,75.47,74.31,467737,14:33 ET
REGN,Regeneron Pharmaceuticals,751.21,-11.13,-1.46%,770,747.565,300555,14:34 ET
RF,Regions Financial Corp,26.4,-0.13,-0.49%,26.65,26.185,2799249,14:34 ET
RJF,Raymond James Financial,165.26,-1.69,-1.01%,168.24,164.807,584073,14:33 ET
RL,Ralph Lauren Corp,232.42,-0.99,-0.42%,235.62,232.24,240327,14:33 ET
RMD,Resmed Inc,248.21,3.29,1.34%,249.135,244.34,236991,14:33 ET
ROK,Rockwell Automation Inc,292.65,-4.47,-1.50%,297,290.83,329979,14:34 ET
ROST,Ross Stores Inc,154.46,-1.9,-1.22%,156.75,153.74,692982,14:35 ET
RSG,Republic Services,215.42,0.46,0.21%,215.56,213.7,295838,14:33 ET
RVTY,Revvity Inc,115.11,-1.59,-1.36%,117.05,114.64,278416,14:34 ET
SBAC,SBA Communications,224.06,1.12,0.50%,225.235,222.495,314599,14:34 ET
SBUX,Starbucks Corp,101.95,0.44,0.43%,102.12,99.89,2906502,14:35 ET
SCHW,The Charles Schwab Corp,81.17,-0.22,-0.27%,81.97,80.88,2013212,14:34 ET
SHW,Sherwin-Williams Company,394.5,-1.08,-0.27%,398,390.365,385805,14:32 ET
SJM,J.M. Smucker Company,118.07,-1.51,-1.26%,119.64,116.84,434722,14:34 ET
SLB,Schlumberger N.V.,43.83,0.2,0.46%,44.23,43.1,3885175,14:34 ET
SPGI,S&P Global Inc,519.93,-2.94,-0.56%,524.9699,518.45,383585,14:35 ET
SRE,Sempra,92.92,0.82,0.89%,93.58,92.09,2005914,14:35 ET
STT,State Street Corp,98.01,-0.02,-0.02%,99.5,97.88,950733,14:34 ET
SW,Smurfit Westrock Plc,55.17,0.06,0.11%,55.4,54.6,1393287,14:33 ET
SWK,Stanley Black & Decker Inc,87.79,-1.28,-1.44%,89.47,87.77,744042,14:35 ET
SYF,Synchrony Financial,67.43,0.34,0.51%,69,66.88,1709188,14:35 ET
SYK,Stryker Corp,390.39,0.76,0.20%,389.8459,386.46,501781,14:35 ET
SYY,Sysco Corp,79.33,3.06,4.01%,79.09,76.34,2197722,14:34 ET
T,AT&T Inc,23.54,0.84,3.70%,24.03,23.38,39122642,14:34 ET
TAP,Molson Coors Brewing Company,61.5,-0.31,-0.50%,62.3,60.775,1023574,14:35 ET
TEL,Te Connectivity Ltd,152.28,-2.05,-1.33%,154.66,151.6,609735,14:33 ET
TFC,Truist Financial Corp,46.41,-0.57,-1.21%,47.06,46.2,2649458,14:34 ET
TFX,Teleflex Inc,188.38,-5.93,-3.05%,195.24,185.27,247757,14:34 ET
TGT,Target Corp,131.09,0.37,0.28%,131.26,128.92,4236493,14:34 ET
TJX,TJX Companies,124.82,-1.37,-1.09%,126.8,124.25,1835847,14:35 ET
TMUS,T-Mobile US,245.07,0.25,0.10%,246.15,243.685,1482397,14:34 ET
TPR,Tapestry Inc,64.31,-0.27,-0.42%,65.2977,63.68,1809747,14:34 ET
TRGP,Targa Resources,198.24,3.7,1.90%,197.54,194.61,767604,14:35 ET
TROW,T Rowe Price Group,123.24,-0.4,-0.32%,124.25,121.91,460828,14:32 ET
TRV,The Travelers Companies Inc,261.82,-1.69,-0.64%,264.91,260.42,303754,14:34 ET
TSCO,Tractor Supply Company,285.01,-5.26,-1.81%,289.55,282.83,507507,14:35 ET
TSLA,Tesla Inc,349.1,-7.99,-2.24%,355.69,348.2,43195524,14:35 ET
TSN,Tyson Foods,64.29,-0.05,-0.08%,64.56,63.9,921261,14:35 ET
TT,Trane Technologies Plc,411.75,-3.04,-0.73%,414.912,408.04,693606,14:33 ET
TTWO,Take-Two Interactive,187.66,-0.29,-0.15%,188.38,186.935,387947,14:35 ET
UBER,Uber Technologies Inc,71.64,-1.43,-1.96%,73.25,71.57,6438923,14:35 ET
UDR,United Dominion Realty Trust,45.03,-0.27,-0.60%,45.43,44.84,304416,14:34 ET
ULTA,Ulta Beauty Inc,394.67,0.61,0.15%,395.2199,389.1,514345,14:35 ET
UNH,Unitedhealth Group Inc,607.02,-1.5,-0.25%,615.75,604.82,1153697,14:35 ET
UNP,Union Pacific Corp,237.43,-3.35,-1.39%,241.73,235.11,2439863,14:34 ET
UPS,United Parcel Service,129.74,-4.28,-3.19%,134.21,129.665,3426708,14:35 ET
URI,United Rentals,863.89,6.84,0.80%,863.21,851.135,238425,14:34 ET
USB,U.S. Bancorp,52.21,-0.56,-1.06%,52.885,51.83,3033007,14:34 ET
V,Visa Inc,314.46,-2.19,-0.69%,317.32,312.77,2419362,14:35 ET
VLO,Valero Energy Corp,138.46,-1.68,-1.20%,142.1,138.265,959825,14:33 ET
VRSK,Verisk Analytics Inc,287.77,-4.93,-1.68%,292.375,285.075,375989,14:34 ET
VTR,Ventas Inc,63.03,0.77,1.24%,63.25,62.25,951330,14:34 ET
WAB,Wabtec Corp,200.21,0.43,0.22%,200.52,197.8401,875471,14:34 ET
WAT,Waters Corp,385.16,-1.94,-0.50%,388,380.52,149473,14:35 ET
WBA,Walgreens Boots Alliance,8.99,0.01,0.11%,9.06,8.79,8656998,14:29 ET
WDC,Western Digital Corp,70.85,-2.58,-3.51%,74.11,70.19,3426411,14:34 ET
WELL,Welltower Inc,133.53,-0.5,-0.37%,134.38,132.65,810771,14:34 ET
WM,Waste Management,225.63,0.51,0.23%,226.01,224.5,1236048,14:34 ET
WMB,Williams Companies,56.69,0.24,0.43%,56.91,56.2,3244484,14:35 ET
WMT,Walmart Inc,93.47,0.83,0.90%,93.55,92.26,9493714,14:35 ET
WTW,Willis Towers Watson Public Ltd,327.37,6.87,2.14%,326.71,319.35,521535,14:33 ET
WY,Weyerhaeuser Company,31.75,-0.22,-0.69%,32.1,31.6,817981,14:32 ET
WYNN,Wynn Resorts Ltd,93.92,-2.24,-2.33%,95.55,93.23,1703798,14:35 ET
XOM,Exxon Mobil Corp,118.21,0.36,0.31%,118.72,117.255,5293420,14:34 ET
XYL,Xylem Inc,127.84,0.83,0.65%,128,125.86,530209,14:33 ET
YUM,Yum! Brands,138.7,-0.33,-0.24%,139.49,137.7,396875,14:34 ET
ZBH,Zimmer Biomet Holdings,110.55,0.05,0.05%,111.1,109.09,517717,14:32 ET
ZTS,Zoetis Inc Cl A,178.22,1.41,0.80%,181.4,176.555,1381756,14:35 ET
